,GHG_Direct_Emissions_14_in_metric_tons
4655,49151.0057505996
4656,346450.97284774313
4657,46809.509391040316
4658,14735.471781476992
4659,59318.85728065931
4660,85329.82924691155
4661,143509.5038209622
4662,36309.63962885658
4663,507173.2582584551
4664,159715.41290917134
4665,41538.84365707525
4666,44074.455092912875
4667,436430.52586032683
4668,150285.9745045883
4669,884697.4471125291
4670,106289.3709087608
4671,1142669.673351216
4672,49557.36732859069
4673,51726.04774825599
4674,41611.04763585873
4675,334395.52945713914
4676,80016.26844651462
4677,52510.884172268255
4678,649981.5534887897
4679,28459.461607588968
4680,243083.54628286575
4681,136680.87858988383
4682,47937.04947368236
4683,118418.99735657999
4684,348692.3074482811
4685,224345.1522124419
4686,36194.91882827096
4687,450174.3159759311
4688,86208.1086366761
4689,543375.7512485003
4690,380105.0650917269
4691,46000.96455601035
4692,45501.022729361146
4693,51780.674927507614
4694,103559.24940637498
4695,106694.89059978239
4696,77442.8136082471
4697,58240.476553805194
4698,1985981.682785622
4699,48119.30310387274
4700,68493.97260151949
4701,45712.872022235126
4702,165625.05494959344
4703,63253.30748156914
4704,140773.35761045845
4705,43418.54310184787
4706,149377.92403762948
4707,56027.588542669604
4708,371524.0841038202
4709,89283.65821173908
4710,97827.49311343068
4711,40743.52903757909
4712,64116.48505020775
4713,53825.9108648075
4714,59292.84687748418
4715,64409.298631016136
4716,903460.0830805289
4717,36556.21938372977
4718,630817.2695355762
4719,48142.717230629656
4720,59591.09829906084
4721,48307.50940280863
4722,70880.8276835739
4723,694287.0734871778
4724,257496.3981183426
4725,43328.34304579614
4726,46390.35231720923
4727,37010.67459997495
4728,1474489.336063819
4729,94135.33335372029
4730,374179.65595827874
4731,101948.85364851833
4732,66752.83494131257
4733,44586.001316050344
4734,286344.74784533726
4735,46239.086141519736
4736,38998.85554475179
4737,64599.84863227966
4738,41052.274538037986
4739,180171.01889534373
4740,717796.8938554625
4741,58295.425322957555
4742,50819.94613840471
4743,36227.695272731995
4744,262503.714076809
4745,570059.6054491303
4746,120219.49974468893
4747,41941.209244470716
4748,43918.515397914256
4749,102588.24242334902
4750,167487.7236757111
4751,133759.427140904
4752,64048.73453750929
4753,39238.261377305826
4754,142821.62213554373
4755,136292.44619895978
4756,120526.04668104246
4757,303932.75190716586
4758,217697.47498451764
4759,44849.55100891589
4760,97904.82259493943
4761,42420.81352930112
4762,27454.46059359815
4763,60789.70071148628
4764,76420.39039007183
4765,1294848.9704931804
4766,237460.61485757492
4767,1230136.898204563
4768,36426.077069806364
4769,1738728.1839456006
4770,52434.391174333454
4771,49597.49532643461
4772,66080.7172285561
4773,38520.68828187759
4774,81096.47492224554
4775,160865.50543584692
4776,210236.63403450404
4777,302373.23311532795
4778,55907.934451336376
4779,45641.220707563414
4780,40701.23879749403
4781,93081.42684387362
4782,570564.285866776
4783,39737.81080584622
4784,548260.5431183388
4785,35660.06277473196
4786,190849.12758045027
4787,166365.42321095255
4788,74093.55288502692
4789,41569.97798206547
4790,50701.584105847396
4791,78321.54581257627
4792,134730.5902399236
4793,106599.28747949234
4794,87124.9932329943
4795,656680.9684723768
4796,75277.61754211536
4797,54587.9423577374
4798,155259.01430107318
4799,44293.76560522241
4800,37780.94443162243
4801,53223.643244831605
4802,54082.83597961959
4803,1968456.0132136203
4804,14501.95275901485
4805,56120.73362733025
4806,1315344.4960744244
4807,709221.0024236833
4808,392753.2512254121
4809,96968.22517118059
4810,46264.95063515089
4811,88915.97079130319
4812,70008.48302561903
4813,276540.5765187756
4814,54435.15450472024
4815,405429.2070655293
4816,81383.26133807503
4817,88339.3264139831
4818,168681.87523050018
4819,60681.47431930641
4820,234330.1206292711
4821,797033.4939683398
4822,33376.93298768322
4823,42788.93794146399
4824,250088.93878085923
4825,42200.30340507731
4826,37674.02039647933
4827,42019.453337993524
4828,39761.67515544051
4829,38409.96096487916
4830,144121.16323588882
4831,32202.172132902255
4832,56625.72309794207
4833,1887814.310756318
4834,597161.6394834872
4835,47768.28045639581
4836,160621.98592024768
4837,60479.31038698205
4838,100242.48279399739
4839,39196.596333187335
4840,256307.61692422148
4841,210802.3760157604
4842,1329907.6492362244
4843,63522.4489322011
4844,244891.3753180286
4845,148071.94043161394
4846,46483.55000549494
4847,155302.35945633065
4848,469522.91023586894
4849,45467.117364471735
4850,542542.0557804985
4851,42262.98729040818
4852,37959.82896784751
4853,80354.46841106449
4854,65479.009735959124
4855,46112.047032714225
4856,912700.2091588972
4857,643073.7195062018
4858,234971.3075361473
4859,171528.35162373804
4860,42272.33147433659
4861,321899.715422987
4862,67846.98386408013
4863,39081.201028010844
4864,35890.97320135321
4865,79699.06625254848
4866,59162.664715968865
4867,54087.60085887312
4868,647154.5057547719
4869,727744.8782289971
4870,53549.685781964334
4871,254000.35713923647
4872,74560.08640560473
4873,82618.66781222909
4874,569661.293114814
4875,326062.394041432
4876,113042.98671691662
4877,1125500.2630877772
4878,710610.502420469
4879,234236.14040867987
4880,218581.70620034696
4881,855214.0900742577
4882,42484.56640053352
4883,59176.13629575657
4884,48313.216726525454
4885,39126.05807444853
4886,88549.58183349586
4887,73722.66283861198
4888,249409.04545095898
4889,104427.36759868052
4890,40070.38723863154
4891,93620.28496812112
4892,44512.389008832506
4893,68741.25759970944
4894,42690.88524247149
4895,42329.64168792876
4896,632325.4780082322
4897,45821.27006348646
4898,513561.8678678923
4899,35752.124835219634
4900,84174.70996057102
4901,109149.32080580384
4902,51275.59409148574
4903,1023068.5020604094
4904,46124.62760642115
4905,1095079.717495849
4906,40899.03988682146
4907,41222.02241471946
4908,102365.20969554129
4909,214463.33378969572
4910,54811.17114981185
4911,160703.1035601006
4912,50236.38738692168
4913,133701.5616702068
4914,1045517.5601061658
4915,532916.8874906495
4916,27330.59230077534
4917,2074608.1135598673
4918,31526.497018125818
4919,241054.19656170864
4920,38788.88896328457
4921,271171.51936075033
4922,247528.28911584278
4923,45446.99862994357
4924,40659.9729401929
4925,60591.35935774965
4926,41449.866377239916
4927,41811.48832953422
4928,227570.75759783539
4929,259158.91693677954
4930,313531.1141978715
4931,47460.529490391425
4932,50160.91890626089
4933,177605.54457738725
4934,275201.0094905293
4935,65648.02772280567
4936,53619.382992005536
4937,28160.2825831102
4938,107858.1709165237
4939,39401.088734467434
4940,66071.64739058404
4941,-2377.2508829312847
4942,42143.723659603434
4943,58108.76144865837
4944,67659.05091921764
4945,234021.47518017018
4946,182516.64406171936
4947,68393.68518588472
4948,267400.6288120999
4949,150142.92478933214
4950,1726230.2709195788
4951,258339.21220947438
4952,84528.0296875761
4953,62668.216180039824
4954,36479.97595744079
4955,214864.07909561513
4956,45052.37733918961
4957,54525.369737258254
4958,259406.85546139735
4959,229962.36491253396
4960,32990.44952197161
4961,30709.11580442792
4962,61841.14411188062
4963,1028369.0443568138
4964,74793.64452429269
4965,58011.230829742955
4966,70013.39938277028
4967,57920.84849265962
4968,51146.85146487737
4969,321513.13586219394
4970,6552.727597806829
4971,706638.1057223507
4972,104242.11074408254
4973,24803.63358916154
4974,509478.73725685006
4975,55154.59656735933
4976,136155.24877311665
4977,46131.12692312874
4978,326972.52687316015
4979,153485.932844546
4980,36616.93085846724
4981,89842.64663100561
4982,64725.49636664192
4983,47604.21588079096
4984,84417.61373729994
4985,44981.57851139835
4986,137396.22591872865
4987,52535.50418156828
4988,142667.93536785385
4989,41543.805332863216
4990,948163.8499404317
4991,73696.00921654562
4992,124311.27550179766
4993,38931.01216952378
4994,63398.36432625133
4995,47578.70446074964
4996,80269.22659948772
4997,174766.0322410195
4998,49021.913319317515
4999,132091.67163313171
5000,255574.70575194553
5001,39286.80609602105
5002,247815.47627634995
5003,96826.36765686469
5004,100538.00198877626
5005,45994.72350638133
5006,81713.22341748996
5007,35652.08007804157
5008,148815.66181087404
5009,2813090.9953847546
5010,176414.45016369876
5011,51124.33395155093
5012,61293.830299244844
5013,51296.16499177712
5014,77785.62965837397
5015,35513.07765892691
5016,761323.4094172374
5017,62582.292052420635
5018,69690.19917579311
5019,37278.609125018345
5020,44133.29111249551
5021,74642.90103137036
5022,83801.47864795837
5023,81703.82626203909
5024,262295.0233245474
5025,75978.45496185018
5026,46037.22024905821
5027,106821.01314638219
5028,34702.80656876554
5029,39370.053116831776
5030,161953.2894834472
5031,-23731.57364888175
5032,48434.127626418944
5033,114161.84319389159
5034,44938.92221428557
5035,1338701.0869136553
5036,33037.03262210378
5037,41348.514964131384
5038,36595.73446770998
5039,65403.90284426908
5040,4599.053970676385
5041,1611948.5748045547
5042,39243.274057635754
5043,40367.80848613509
5044,117332.51606096447
5045,43023.90267590687
5046,119930.1656962972
5047,127994.47730595755
5048,405196.88611123
5049,50709.010705179346
5050,83035.3590890186
5051,138503.16281989208
5052,1217486.5167771697
5053,43364.496454831075
5054,44877.63642709508
5055,123746.04170947794
5056,62974.26733144248
5057,39846.07169318654
5058,84131.41172416108
5059,40603.70576081582
5060,112521.68253947643
5061,648428.87055596
5062,54022.80415188318
5063,71932.28431806275
5064,51018.97400510886
5065,68079.37144895985
5066,33006.561354391684
5067,209870.53032474802
5068,38842.91978216863
5069,39401.088734467434
5070,188222.31548798713
5071,36252.04110555344
5072,35424.165500051226
5073,51198.1798722738
5074,123810.78940183083
5075,1065331.7016322126
5076,42143.628975197906
5077,626299.7978497098
5078,64916.24103114711
5079,87933.65011691433
5080,137325.84856803264
5081,58515.70466325707
5082,136236.85106297312
5083,137842.73490228778
5084,107523.78413671129
5085,626698.196184501
5086,55321.44156609514
5087,61975.07742765601
5088,205083.36113625
5089,67257.01494899488
5090,197785.34942083244
5091,40428.583084189784
5092,193808.42954682244
5093,47530.31490059681
5094,48588.84607599911
5095,821779.1352071635
5096,1763691.9509880769
5097,178997.49436197043
5098,417590.0258499046
5099,371524.0841038202
5100,42274.44186162621
5101,93916.20500402014
5102,40289.25380478625
5103,52791.787966921256
5104,963047.4263135118
5105,119111.0654617425
5106,39821.74880442289
5107,133683.43035484038
5108,48391.224455381336
5109,1233743.149629066
5110,526511.2590121259
5111,77049.8022585388
5112,45445.03944486266
5113,133999.8143951547
5114,169793.21177571226
5115,104584.77337850719
5116,48188.43090458358
5117,51509.34363517839
5118,438582.3809758317
5119,101383.36189426783
5120,422862.5292728601
5121,74465.27034787908
5122,97492.68817107429
5123,55925.58889281955
5124,127284.23012619093
5125,170646.4499381533
5126,677167.4599524789
5127,35698.79469747411
5128,198905.7081158623
5129,62247.20181151996
5130,40744.57182380039
5131,391239.59220927465
5132,51828.17755256267
5133,1165076.2173175134
5134,134031.12609115752
5135,242795.58128232168
5136,37572.41881465126
5137,37943.06272972318
5138,66645.04229896046
5139,49121.26619434345
5140,44706.08281130398
5141,121287.13350449687
5142,443304.6450806887
5143,153627.16998566137
5144,49368.428610299175
5145,269456.18770642765
5146,51229.12966324353
5147,272968.25054275454
5148,235082.67355213332
5149,32287.176740467465
5150,286229.3750619263
5151,245188.28011392034
5152,51657.177102000496
5153,46229.26161138828
5154,41524.216065995475
5155,44913.21833552296
5156,66466.01741210694
5157,192139.1922748833
5158,106586.65958962154
5159,246002.41106525404
5160,1156134.9083997945
5161,41281.567048305646
5162,50537.22263307823
5163,33559.23372465354
5164,88077.61729968042
5165,268295.3707165913
5166,44706.08281130398
5167,49870.99665818139
5168,60878.75157319633
5169,75773.67252190842
5170,310443.693441735
5171,41145.9099394211
5172,101349.77379466363
5173,700063.2986926578
5174,45112.817384389535
5175,683985.4311884069
5176,69567.9133840201
5177,41738.78370757619
5178,44046.44061513892
5179,32217.26461544875
5180,534397.6165055629
5181,76681.58629174336
5182,2443932.5861542625
5183,348692.3074482811
5184,300349.3148716533
5185,67573.25826746304
5186,137769.72659143517
5187,83441.50654257409
5188,52018.4520297848
5189,58275.62199620974
5190,110981.25881715835
5191,37481.891292382454
5192,53779.81015950722
5193,90044.22314023248
5194,640216.1973335701
5195,102104.01035363221
5196,233648.8259873922
5197,38741.44653830237
5198,42132.89629888593
5199,823508.5835412493
5200,206471.60870441957
5201,528017.7211758161
5202,33829.38540762673
5203,49332.66859054048
5204,147670.5827392671
5205,76447.05775722423
5206,92948.97291200682
5207,84532.6124632272
5208,37453.473110642764
5209,258016.97722703172
5210,45683.26144532964
5211,665943.0010408397
5212,513133.2792294098
5213,48985.179459985084
5214,43902.786939086465
5215,69194.77802214316
5216,152449.5844163086
5217,197071.58258588923
5218,83436.29351397717
5219,32968.18642797666
5220,59596.28784463022
5221,79824.77046303844
5222,44942.53702002517
5223,750495.1744317334
5224,71883.53981747762
5225,34133.17835261431
5226,49916.334192343056
5227,82112.84775852379
5228,35687.620982704204
5229,155239.7826253552
5230,807152.8213504537
5231,45973.839442026736
5232,57571.6786120967
5233,81920.90031782711
5234,42453.38335124415
5235,722430.3602335674
5236,32857.88868203308
5237,187305.01683777425
5238,115788.05633494559
5239,520124.45138609636
5240,41451.02979188126
5241,209518.76072725406
5242,1041079.8898493341
5243,114621.72512746308
5244,42298.99053697958
5245,290042.9657352431
5246,105235.29426933016
5247,1467135.433527874
5248,1443277.4710514818
5249,121350.50456099083
5250,318146.0824428337
5251,97623.73940467098
5252,488022.3230681054
5253,416425.2579615613
5254,50423.43659266845
5255,35226.55403126215
5256,268928.3462419993
5257,51402.654991002055
5258,43394.075667371595
5259,62483.918837558886
5260,49847.698256348645
5261,164102.93092624308
5262,301294.85211035336
5263,169606.37300171622
5264,106192.26454089647
5265,55144.322109031455
5266,45783.47492512289
5267,39869.33174447668
5268,44781.97965796446
5269,373603.9418012606
5270,37780.94443162243
5271,169176.80133083247
5272,1736390.5338709871
5273,1565215.9110679345
5274,167912.37165372566
5275,1175470.112949426
5276,52545.005627324135
5277,688087.8083320291
5278,98953.62360027984
5279,40422.08904176769
5280,128747.96382389366
5281,252296.3099917123
5282,243744.35145297687
5283,119088.14053577295
5284,35734.55076001143
5285,61370.0145630451
5286,271752.7622117531
5287,541232.3112896546
5288,196059.95262197548
5289,211732.16866530085
5290,96603.51830033003
5291,101534.56770424086
5292,96088.49103720117
5293,508359.0220595734
5294,241027.86149927785
5295,83975.26613747641
5296,48188.43090458358
5297,117535.3614395442
5298,122848.52052776911
5299,992325.3073210084
5300,922224.2457247911
5301,52383.012489600704
5302,71520.7640992841
5303,52683.003715501654
5304,147949.05100784035
5305,49668.225243190594
5306,826547.0924101998
5307,203485.76103891514
5308,39861.659451815685
5309,31217.50201167758
5310,70013.39938277028
5311,116154.37909094826
5312,40758.599086646405
5313,35717.737560043184
5314,42725.27035483559
5315,49386.015257741274
5316,440821.7806664756
5317,35527.85860947607
5318,48607.75149074881
5319,78414.95313927713
5320,43416.44293485005
5321,2221520.9327417226
5322,43538.02336314186
5323,11046.366711978371
5324,1117098.5945106302
5325,237770.72060342602
5326,71359.507010705
5327,447826.136280195
5328,373039.20666076394
5329,216728.9120052976
5330,656328.5398566886
5331,199883.97626430314
5332,199106.10473753637
5333,47636.823222239174
5334,121967.28394764877
5335,76001.22836413769
5336,87365.12030128571
5337,38581.33493947238
5338,49270.58376388447
5339,109626.14167315944
5340,71549.14100814717
5341,46545.802838306896
5342,189651.37963714788
5343,75016.25020625578
5344,306613.2673038429
5345,36169.54727107001
5346,28436.285380527625
5347,36312.967699909765
5348,621075.8938155886
5349,267708.77796792757
5350,58177.81930265607
5351,48540.83712113793
5352,57639.02086518548
5353,146829.4374971613
5354,407293.28506621986
5355,53619.833731686056
5356,101268.45835845535
5357,1189464.2185032864
5358,141320.47262600242
5359,80674.81309048296
5360,281239.30494081957
5361,65253.06121402023
5362,41026.596109946586
5363,41869.18696340514
5364,242014.01718624288
5365,37882.84229819975
5366,40367.80848613509
5367,34042.97886164774
5368,651695.4644290914
5369,31529.5861244211
5370,55785.86357448358
5371,45781.58319284594
5372,57402.83624282465
5373,286684.56254660536
5374,183905.30140843734
5375,1677537.3877766554
5376,742730.3847261249
5377,91585.84720287452
5378,824424.9497433518
5379,44036.23305779712
5380,35586.41192790816
5381,87160.72947704674
5382,77827.26948378539
5383,229873.82416326093
5384,86496.30032095319
5385,119499.05467453046
5386,154578.7495502852
5387,91145.45190542423
5388,104465.72571276934
5389,48439.73624585278
5390,44217.99423093002
5391,59212.367985773686
5392,87796.49066286338
5393,107027.15020457598
5394,489091.0386339009
5395,131596.28564676942
5396,98882.45467634208
5397,261645.47819687604
5398,74201.57874860978
5399,54303.29120010662
5400,62912.3514138969
5401,143910.48926648297
5402,1637232.8265786108
5403,37953.67597683037
5404,279238.1373909995
5405,42564.81334008704
5406,70863.46539556184
5407,39101.029116376354
5408,32862.66565595908
5409,57658.93284599247
5410,38746.15599456075
5411,642725.8453514627
5412,36886.79344495826
5413,82734.39403257491
5414,49271.48105480158
5415,57357.237200034986
5416,248980.15381371832
5417,70049.85342497079
5418,853514.4440331358
5419,72263.38805780643
5420,281551.32168846944
5421,731103.3918117237
5422,85455.5694410256
5423,82616.83288683607
5424,133809.2242564733
5425,466854.6940455024
5426,1057057.9477641939
5427,50333.52584002892
5428,777134.3589105381
5429,831115.5300004084
5430,50595.056210322255
5431,60416.937280063335
5432,63495.66757945769
5433,203699.64263371564
5434,38703.71037538744
5435,121587.93109290328
5436,57280.10059670317
5437,294682.3904001329
5438,39194.21236202586
5439,48498.85551050785
5440,44597.25597967213
5441,684786.4298060072
5442,36683.75670392318
5443,930640.4102178342
5444,967695.9683945825
5445,193141.94139341984
5446,42792.07556394883
5447,290399.1997352669
5448,47481.31244693394
5449,113326.66222389319
5450,48781.32148709803
5451,111694.95275861604
5452,1526374.9279657751
5453,46171.52294604116
5454,32904.78289324813
5455,80595.98282276012
5456,50767.44544328358
5457,49934.02081904164
5458,97950.20359816248
5459,202305.68719573744
5460,59887.4473099402
5461,49154.20617609722
5462,1143653.8804664488
5463,53549.685781964334
5464,47205.85993364257
5465,42309.61201511192
5466,67573.06819523987
5467,45719.49663814083
5468,54032.05970484654
5469,332092.58300907025
5470,106851.39748324992
5471,98534.14776251187
5472,42337.41746207491
5473,43912.47068209229
5474,397280.8037090854
5475,44209.45499061999
5476,1296799.1535838526
5477,86316.68227411965
5478,28955.550865507357
5479,60918.94404734778
5480,161985.03638548942
5481,209878.81915700593
5482,51942.29449487696
5483,321649.1244733351
5484,60746.45856392488
5485,243638.31402918985
5486,287726.6090079162
5487,44706.08281130398
5488,798409.9288630593
5489,46724.93004636193
5490,64410.440367865485
5491,57648.066997710695
5492,1064982.0844672816
5493,66034.5578675226
5494,38741.44653830237
5495,215730.8935555796
5496,44410.547230570584
5497,294881.7944520888
5498,42113.398400593134
5499,54532.04213903268
5500,82573.1708760155
5501,232745.80718503473
5502,35332.80424905441
5503,44586.001316050344
5504,44706.08281130398
5505,68493.97260151949
5506,329257.71671929443
5507,1884967.747163306
5508,41305.524087021004
5509,52211.57280992831
5510,75071.62514479776
5511,47075.88890623102
5512,75946.20079501995
5513,46807.47984055608
5514,77927.90884814909
5515,649075.4451364162
5516,55340.2980403236
5517,1567488.7603381225
5518,24502.81383848094
5519,40367.80848613509
5520,36318.555081505685
5521,52542.36060922848
5522,881617.2004300419
5523,1602716.1700041925
5524,40838.950173301724
5525,157398.04328784184
5526,69795.34991822571
5527,293589.17761780927
5528,138510.27472610638
5529,42420.81352930112
5530,39263.42616013792
5531,81260.50873596148
5532,868234.9354129372
5533,56476.8853826939
5534,40720.10940614342
5535,91671.68830989591
5536,39737.81080584622
5537,155887.25700922543
5538,34473.82674224382
5539,1412030.7468659158
5540,37999.143136906016
5541,367810.03683879646
5542,38865.20042731813
5543,104048.11668724545
5544,47167.28616046709
5545,83292.94542509833
5546,173494.39701511388
5547,481083.51779057534
5548,53847.75744505949
5549,296609.154920818
5550,550246.247915592
5551,272026.46113376465
5552,57605.04376949664
5553,362494.4826587308
5554,807514.7988294949
5555,37605.04273129788
5556,46956.609066343444
5557,39010.62302277423
5558,39918.77700470411
5559,84333.02020916244
5560,62631.06154029543
5561,83738.6700665055
5562,240403.33604845026
5563,155933.47886065952
5564,902518.8557408133
5565,124329.70661145005
5566,435470.38552913384
5567,62740.41190204389
5568,100106.02084646374
5569,47226.736302333644
5570,657374.4840264461
5571,50902.7393865626
5572,239372.50438966372
5573,41639.70354696694
5574,48385.341225497345
5575,993129.9280512589
5576,54043.755542296705
5577,33883.37575632437
5578,51058.95503289362
5579,737040.2973304392
5580,56988.146012549354
5581,809953.310457426
5582,61432.017256348816
5583,598020.8938066076
5584,59293.31165421433
5585,79359.97934152118
5586,149115.010084301
5587,50084.05824788221
5588,38837.067296844376
5589,15287.417835069542
5590,146688.7465675844
5591,42270.689832023796
5592,41648.2607041555
5593,988881.9414221153
5594,65916.87143848905
5595,45571.14546359632
5596,38231.45799131825
5597,40978.610383421845
5598,222507.53675003338
5599,50675.94914019207
5600,116372.05559920895
5601,39648.42387221087
5602,310673.9635030055
5603,45097.635957634586
5604,313632.70074588974
5605,41611.04763585873
5606,50059.957062628295
5607,2003475.4045280346
5608,53186.08293986982
5609,54203.27935530057
5610,95867.3255289928
5611,225427.64821803363
5612,64698.61601224251
5613,27637.66008527076
5614,123236.90719560806
5615,86659.11562984271
5616,109647.32285284296
5617,119172.88974241333
5618,60688.852455024535
5619,118277.77279860193
5620,701031.8861735715
5621,41773.96563433982
5622,48442.82247639589
5623,44066.927115704275
5624,45878.73728362602
5625,44981.57851139835
5626,1052749.1322656695
5627,67431.31470123462
5628,89700.41091551358
5629,331756.4781066537
5630,43721.86266053299
5631,41873.766055624495
5632,298390.1712803571
5633,32728.63856638315
5634,149521.13652470385
5635,1607047.1886461803
5636,176413.0212743966
5637,1618978.3291521706
5638,45404.70494707743
5639,91741.322859278
5640,870963.6325540243
5641,184171.86102382542
5642,31458.291110730876
5643,2116578.890622313
5644,47939.76503155061
5645,59254.90637690659
5646,1191223.1686380615
5647,391263.1302733355
5648,140844.65793740904
5649,76288.23558351168
5650,145556.03254845692
5651,62540.060955976114
5652,40249.20378062132
5653,1172085.8167503949
5654,345032.5140195729
5655,331049.0948151575
5656,44928.40338330163
5657,154538.70931327465
5658,34673.16205288935
5659,47095.778190420104
5660,45237.94593798831
5661,47145.41888291068
5662,74237.61104464621
5663,36754.39187028784
5664,978553.7845599678
5665,250364.86367739257
5666,34202.64792467096
5667,1299669.6822204455
5668,64908.6795594245
5669,94046.32902785597
5670,36531.151101436844
5671,44005.816549690004
5672,179254.11544118944
5673,125319.8905389802
5674,1041949.485141584
5675,74140.11313749355
5676,181660.5191062342
5677,79333.34125550673
5678,48663.435371235755
5679,61338.79334714621
5680,75229.67684158283
5681,2082411.9855984598
5682,97726.37605704191
5683,33713.99245759588
5684,440748.41636709636
5685,17263.037151885776
5686,1479165.439236564
5687,79866.7140952238
5688,42737.53418746806
5689,125263.78932382369
5690,39786.903040051846
5691,221677.31487538334
5692,93469.13957279216
5693,-59964.75592532821
5694,27989.902379330648
5695,37603.201462948426
5696,1628131.61032306
5697,46476.15863526489
5698,181663.71823199643
5699,42594.22686040955
5700,38222.161696767726
5701,44785.57141996849
5702,892927.355653267
5703,48270.66671603223
5704,91486.33791002895
5705,127444.21433539507
5706,358870.09739313484
5707,134017.99323162963
5708,-10194.819673676715
5709,117719.81325037556
5710,205564.93999588798
5711,148046.65603163172
5712,47167.28616046709
5713,686795.3108015861
5714,36624.792170670196
5715,46620.57367907767
5716,53003.1677645581
5717,39988.713952416445
5718,38837.067296844376
5719,907208.8572928499
5720,73794.38073096289
5721,183160.3997166486
5722,85036.75949367968
5723,43233.31935000956
5724,67036.8929213789
5725,1172343.0859039766
5726,789892.7177847753
5727,85362.48429789
5728,44953.49334385265
5729,119414.24198618329
5730,841757.375951041
5731,37859.604522776004
5732,48972.54968909029
5733,52763.13851771028
5734,514362.7752707526
5735,123904.94935331219
5736,184730.47094290995
5737,87670.00603969685
5738,48540.83712113793
5739,417635.3812569586
5740,1121139.8305130987
5741,45604.483885673
5742,500112.583447314
5743,186165.38937298604
5744,80709.16890076545
5745,222593.01713053265
5746,120030.81881505599
5747,268113.4095941353
5748,56280.0579441503
5749,20076.360518391506
5750,54979.73463193652
5751,220770.35811189655
5752,324785.3403255672
5753,122700.44743254033
5754,85582.85323651493
5755,39345.27054690303
5756,621609.2710872566
5757,38686.56089097582
5758,186343.48916378134
5759,55355.61156352617
5760,275591.32050941105
5761,560329.9443986664
5762,34809.17866767488
5763,229279.10762977225
5764,143049.32999043257
5765,106267.48705598139
5766,48781.32148709803
5767,1608628.5031816598
5768,41820.59464105479
5769,352266.84635637957
5770,35697.76942940203
5771,90355.00547059531
5772,243707.92304819124
5773,130271.8630323403
5774,84499.86511000934
5775,34640.82053529887
5776,51395.41878904942
5777,104958.45112637446
5778,76301.63770380616
5779,19856.949574721224
5780,224331.95754954158
5781,311188.71086303215
5782,230009.01498641845
5783,45987.281890041246
5784,48069.00254512079
5785,45178.617656321025
5786,75010.48807203263
5787,55917.5938300863
5788,42889.69217529284
5789,518728.2546052833
5790,699105.4155944746
5791,49044.976831999586
5792,137705.10220761667
5793,734741.6463502551
5794,291564.9242087228
5795,147973.44769238075
5796,81394.11746694906
5797,119251.50856378692
5798,280256.9767202423
5799,19391.07700981529
5800,812890.1337843967
5801,276152.72612300416
5802,225627.34233167526
5803,79992.05823182307
5804,45242.850887937464
5805,-12168.017995552653
5806,40354.418156041604
5807,82597.26970502322
5808,28090.996933612467
5809,243115.47178982635
5810,98223.52742418535
5811,49666.851011601684
5812,49597.49532643461
5813,50385.1522719624
5814,147256.96958814634
5815,43272.55535833434
5816,1885853.1895010986
5817,104701.00558180985
5818,1002012.1940173678
5819,1203118.843971079
5820,53885.34258458132
5821,47778.232606447295
5822,69307.63670522938
5823,60228.32385856688
5824,38617.299021830164
5825,61532.87070824785
5826,109844.40818221346
5827,205847.6624297157
5828,52471.96187130404
5829,89890.10991248616
5830,305911.0574247263
5831,256550.87028843767
5832,69008.28550738789
5833,338272.0982860356
5834,59635.54577393234
5835,55219.87124111058
5836,510976.7641695145
5837,266382.72003429953
5838,133144.93151890015
5839,30183.80205861796
5840,46535.87037744188
5841,30893.99325465343
5842,113634.40651822131
5843,2105343.45399667
5844,106044.48958234744
5845,104747.26714107051
5846,61328.85067277334
5847,212712.07848027907
5848,54389.93412942976
5849,905606.6595122142
5850,39761.67515544051
5851,57056.25507762523
5852,169233.7191342525
5853,77057.92278977997
5854,36433.948031536536
5855,46478.03125320176
5856,47967.45504853106
5857,1137102.4679807113
5858,43172.901603438215
5859,107058.71468727058
5860,73333.6193354541
5861,44426.01016121459
5862,846574.503624923
5863,169111.40435891325
5864,952364.3522717392
5865,94221.0706013761
5866,707317.457375764
5867,267392.108248646
5868,11867.677893187785
5869,1066799.9393681681
5870,367835.15652952116
5871,28108.253973977604
5872,80378.94069075071
5873,74103.8263476936
5874,66310.8905548816
5875,109244.88079489226
5876,91827.25803412666
5877,55623.0155532463
5878,167835.75175358792
5879,686056.5437300043
5880,30520.845287393233
5881,33992.65011411589
5882,59061.85394875799
5883,88204.2006503737
5884,349486.4598922096
5885,69723.3993196442
5886,398473.0459105586
5887,40797.83203658137
5888,49511.549564472545
5889,37999.143136906016
5890,1513923.5253128193
5891,103926.65602162675
5892,84866.28516023718
5893,75005.34682155652
5894,74169.53587946015
5895,1510440.6417246552
5896,183464.29224595297
5897,66377.8074291089
5898,40367.80848613509
5899,63460.85249192068
5900,70483.7118549102
5901,735760.615567536
5902,125536.04034368842
5903,133679.63400601747
5904,337544.6856018765
5905,687904.6449583294
5906,207790.20090958022
5907,267123.26710980304
5908,44217.99423093002
5909,86011.84863104866
5910,679031.5062853184
5911,51910.58509805732
5912,57950.213879162824
5913,244231.78422026514
5914,39255.20290870615
5915,53456.698425966715
5916,72855.99680541866
5917,28732.875666166106
5918,57855.65272373659
5919,36002.72295956174
5920,51491.36400336988
5921,29816.677550114313
5922,418362.0046897029
5923,77929.93553480161
5924,102685.78178683875
5925,216260.0102720004
5926,40367.80848613509
5927,49144.920096503796
5928,330880.5379680827
5929,78594.43372566179
5930,129612.57644371771
5931,1174261.8198005187
5932,37888.88733869324
5933,67447.89704606573
5934,57958.868915621075
5935,46290.72041075643
5936,75999.38534318414
5937,73551.09517053624
5938,57131.19945479979
5939,65981.35267077998
5940,38360.27511328514
5941,959358.2384534277
5942,40446.41432938516
5943,151255.52144265742
5944,568060.5276611944
5945,104663.2075165983
5946,64197.10334900543
5947,48781.56839060529
5948,167022.6778837102
5949,313954.8956094899
5950,113711.8876891009
5951,98252.7510729332
5952,114747.31409823876
5953,111520.15579619694
5954,112440.35575820853
5955,292788.73819812393
5956,2439155.714585459
5957,181188.42127100317
5958,77331.50129627236
5959,51403.283906764125
5960,2242488.7387058097
5961,38969.99742603217
5962,102935.79639362084
5963,49738.14191563307
5964,50985.805999834345
5965,115407.1684619583
5966,45039.07904219101
5967,54425.40065267354
5968,257639.5141977399
5969,102155.51686113843
5970,52428.75591875007
5971,946540.3462184344
5972,168739.55478106168
5973,159523.0598831501
5974,961796.2274280237
5975,49811.74513212587
5976,53329.87521310043
5977,38516.33067167395
5978,215243.97645755042
5979,155590.55153472524
5980,77519.45368561566
5981,39297.87666263653
5982,308943.98199205345
5983,1391636.8252549823
5984,114438.48243493996
5985,755613.0606688918
5986,8918.707060750052
5987,37298.87687529203
5988,101466.81960228679
5989,209373.795119948
5990,41835.83218174196
5991,35776.69056290683
5992,34724.92487847253
5993,196243.95041061012
5994,148310.72023005638
5995,43477.10584594078
5996,39583.55179274525
5997,117936.0613312509
5998,34674.0945931272
5999,142019.9985509153
6000,227164.59853920984
6001,35130.992072796646
6002,79547.13017567525
6003,758411.3420687566
6004,39813.86693422984
6005,79048.26920204338
6006,97674.87216840344
6007,46200.247531380206
6008,41620.29643395114
6009,47586.606746632315
6010,75316.20311473108
6011,879359.9830872706
6012,43947.44017510019
6013,1494644.240632716
6014,84209.95639941018
6015,1692403.2995636866
6016,30366.10229959237
6017,2262074.767622771
6018,206570.06109389078
6019,415371.46916054597
6020,45917.657900826984
6021,94753.55990380478
6022,38643.438191606685
6023,1915043.8554359928
6024,56864.398273454004
6025,129245.16024991791
6026,44005.816549690004
6027,731550.2998265055
6028,382503.90649697406
6029,1039341.3821023926
6030,39401.088734467434
6031,83149.14259740722
6032,68045.49094396229
6033,207127.28381234748
6034,169217.06881085903
6035,161703.5103397847
6036,727345.8442387736
6037,50593.6630152067
6038,79469.58682740302
6039,655847.273004375
6040,811254.6796878465
6041,33913.72922930933
6042,208754.85653512087
6043,27770.81586834107
6044,153627.18983578417
6045,1887036.7229801193
6046,272976.24528882455
6047,126880.42241226502
6048,55274.818560043735
6049,44076.08513101511
6050,897225.9040002096
6051,293616.5901322851
6052,525545.0877437813
6053,55641.278568851325
6054,546955.9688901794
6055,622028.9583269897
6056,81940.34952582595
6057,73348.05081644077
6058,53411.740710554084
6059,137207.70085406883
6060,59352.15528625281
6061,82886.68367007464
6062,127500.70034379663
6063,116283.68827387622
6064,65168.36829493307
6065,122185.54036595149
6066,1686096.454988551
6067,168814.84281869893
6068,702696.2981343148
6069,45397.49592769231
6070,171675.9474445891
6071,372952.60839427635
6072,44377.43943738748
6073,92358.95196800298
6074,88369.30698530562
6075,641080.0226578474
6076,59550.031062965325
6077,169587.00075952214
6078,2557069.342253483
6079,179294.1908825535
6080,585367.5317969798
6081,1194961.9403109578
6082,201132.86095419648
6083,94491.30244448976
6084,55600.2707325923
6085,1771043.476550815
6086,39912.9780413099
6087,88948.07740972194
6088,34808.99315672214
6089,1594936.3421327146
6090,143773.85575163245
6091,439999.53896330914
6092,51452.929851131405
6093,48785.80606360791
6094,149701.68200612208
6095,205789.92618621083
6096,1070478.9323303148
6097,38561.42284898119
6098,176329.01635205638
6099,134391.62295247734
6100,238440.97001161537
6101,42759.34538470128
6102,37844.361032344634
6103,208870.13019695165
6104,482254.3024950484
6105,1687508.5388414506
6106,638625.0852870096
6107,44975.84580828382
6108,67866.59367302572
6109,109483.36033344152
6110,42564.68903088809
6111,49178.17474026939
6112,40598.72601890917
6113,133276.69244627323
6114,-15374.13120857038
6115,799628.6064099614
6116,50404.95107592928
6117,154103.69647015046
6118,328148.79506332014
6119,39401.088734467434
6120,577287.7886195092
6121,40603.70576081582
6122,43970.79923579143
6123,56518.05372681748
6124,32683.84214635561
6125,39919.8290126959
6126,35145.27843887343
6127,56262.91474267863
6128,87562.4482412532
6129,118660.93135421725
6130,39401.088734467434
6131,68606.27481557183
6132,58691.91628091963
6133,84907.44128603039
6134,34138.333664143465
6135,63365.97217966646
6136,244004.0164030865
6137,538291.3632556526
6138,1339097.8375195141
6139,1324368.4221228808
6140,96768.80947415762
6141,33683.33467374965
6142,42337.41746207491
6143,243083.54628286575
6144,62440.62328482867
6145,41042.634953237764
6146,63485.76531742081
6147,54382.14784580283
6148,348829.51801088225
6149,41738.3967266168
6150,248420.0974732668
6151,3917.4606147417253
6152,114106.52632416131
6153,515614.0876554688
6154,88906.25093232963
6155,41378.35640102455
6156,45848.899688194266
6157,85598.86868002088
6158,69472.43811050813
6159,1480888.602157489
6160,102096.15771999858
6161,467984.8804983387
6162,46072.52464652213
6163,1466173.5680226607
6164,58146.32985328305
6165,38837.067296844376
6166,95840.83113913574
6167,65745.12365344989
6168,46319.89468436995
6169,24756.431979713885
6170,915024.9053909837
6171,58314.55853964771
6172,46084.28164221097
6173,282631.02474440023
6174,1695552.6117375942
6175,319218.98768440366
6176,236948.59196830686
6177,531280.568147697
6178,273103.33398329467
6179,391083.6260344191
6180,67463.47533590702
6181,89458.16268919632
6182,26876.572064889184
6183,30080.803432677803
6184,44960.898734724266
6185,212100.35019979873
6186,55434.00548455166
6187,2053057.6955503155
6188,38812.81852562458
6189,413832.4192245024
6190,52984.899350521984
6191,36488.329069626096
6192,913367.8926240817
6193,1161637.5818824032
6194,617134.6297500972
6195,14079.847996089396
6196,44562.39007115221
6197,645182.6197941799
6198,447492.44816192327
6199,622325.9720426841
6200,52021.905376140916
6201,83312.43257852647
6202,67680.48786815867
6203,52113.491845907054
6204,1460180.2246357268
6205,104467.41648180992
6206,46407.23275734189
6207,569047.4681489696
6208,76098.29764543645
6209,62520.70292961832
6210,58046.40140121344
6211,289432.1612860356
6212,54868.50629876495
6213,120634.66487186783
6214,59390.39997255915
6215,13596.615583665225
6216,60646.182467907674
6217,20419.9899644761
6218,1584646.8221584894
6219,48562.49287230383
6220,46402.93800267168
6221,101158.59931767861
6222,74495.6348321536
6223,70718.96619604253
6224,125671.3129914034
6225,151181.83749143226
6226,1610538.2254096526
6227,36947.82622281537
6228,98460.20451524547
6229,861252.9849663668
6230,141219.41368762442
6231,39329.32275329463
6232,240316.42765885853
6233,40429.99627003482
6234,523734.34829428775
6235,70992.64361248599
6236,185030.55006949083
6237,738809.7765000522
6238,49308.55435294182
6239,128572.55145459442
6240,46201.510226879196
6241,49337.69308117658
6242,260173.95877494736
6243,58512.54729986734
6244,68579.6827714716
6245,75281.691942662
6246,1121746.5486589507
6247,47612.64123131124
6248,99720.37573005301
6249,50108.84313635866
6250,45403.52193241862
6251,162574.4318225461
6252,112815.88482341911
6253,46176.70726533937
6254,1276375.2220401566
6255,93168.66812920196
6256,1368131.7019360093
6257,250442.16257192666
6258,59493.95989926966
6259,197508.3988840756
6260,49759.55621457687
6261,1308827.6054193613
6262,82203.15346647498
6263,52244.36673451414
6264,69544.66540169212
6265,80769.80042118779
6266,75589.07143724337
6267,128078.93638466521
6268,755011.2639539404
6269,217568.42711377415
6270,336758.8799354727
6271,239350.8151268368
6272,1422585.5716878201
6273,211030.8080711013
6274,1515453.0942492867
6275,184760.75166832434
6276,63094.28525193619
6277,58965.42956786407
6278,976123.6989423446
6279,863969.5149250305
6280,52342.50927494635
6281,42270.689832023796
6282,1447009.860246308
6283,72022.52679357813
6284,227608.9743202585
6285,75002.4426936528
6286,29750.514048506033
6287,95672.19441810703
6288,46176.70726533937
6289,72607.35980130376
6290,567122.8316006879
6291,285764.2417572481
6292,34843.260053967984
6293,51900.72385891383
6294,-61422.567927722164
6295,47489.55783808516
6296,55341.25346988685
6297,181457.8820973637
6298,53939.18562669085
6299,202843.78838852033
6300,52434.391174333454
6301,684465.0406838605
6302,118300.18165392947
6303,772925.5149482873
6304,70968.8490690007
6305,38103.2161092405
6306,63008.38311437509
6307,312750.7048382582
6308,29746.926465000244
6309,1399824.0148564007
6310,142909.15093800775
6311,77840.2775853117
6312,71898.2295566305
6313,43386.837560501495
6314,75829.88393890508
6315,490254.3429590566
6316,884459.5740429752
6317,177195.29235214027
6318,241516.55483660908
6319,189091.3078858121
6320,59675.6098253191
6321,61660.03170157631
6322,131045.98988039036
6323,62575.14043563411
6324,1921921.6710308648
6325,91654.09057378747
6326,691601.8217535579
6327,51071.79313872676
6328,45237.31421199036
6329,53828.44188269788
6330,161711.35297362186
6331,1296355.604856934
6332,254248.31356624464
6333,250740.81175091336
6334,43722.11181996805
6335,41488.73287563086
6336,240402.30942804698
6337,42523.016122945264
6338,533316.6385086395
6339,154198.13912887362
6340,1019227.2160301239
6341,72682.22047343776
6342,50703.06344423584
6343,1452029.5761358757
6344,227570.75759783539
6345,189181.6151496657
6346,44046.44061513892
6347,248891.88612490636
6348,40649.37613802339
6349,96789.40501181758
6350,107543.89039173599
6351,105492.34690721646
6352,61611.658832005305
6353,47007.58480512112
6354,28393.90035289712
6355,39238.261377305826
6356,1601370.5852195015
6357,45330.763056364805
6358,23584.033475244574
6359,72241.45809121033
6360,9490.86427219799
6361,1086740.3299019446
6362,34044.74031972173
6363,34819.6368561857
6364,47313.01481684131
6365,148729.7612203683
6366,50675.94914019207
6367,215051.42535600875
6368,877412.3198877788
6369,65759.4664347468
6370,471126.68539815285
6371,40606.9490558848
6372,62008.985921215455
6373,114686.13192788835
6374,39616.55399945884
6375,510961.8248270164
6376,64943.001661660484
6377,43413.83235162166
6378,314028.3091675032
6379,61541.111855383926
6380,61530.63249627164
6381,1027455.3291557692
6382,77387.59326419249
6383,69263.46600101212
6384,66431.28345162357
6385,57418.81448616615
6386,42666.59173222515
6387,29814.88461753664
6388,34489.027603791794
6389,178311.74368056408
6390,1309236.9190132525
6391,612736.0477894079
6392,63959.114770954664
6393,1564922.2214567952
6394,64021.36996114366
6395,40253.766202695675
6396,174477.24196168547
6397,41538.84365707525
6398,41611.04763585873
6399,39506.029854316395
6400,269021.0164827189
6401,271116.5864050857
6402,47353.95978884392
6403,51544.62770195457
6404,223500.42113801683
6405,45769.52892194962
6406,37261.51226749263
6407,48198.64511035288
6408,55373.55949196748
6409,45604.95355445578
6410,199066.71034695974
6411,46451.57941282755
6412,148833.47315117126
6413,65456.52502204538
6414,721216.3512623155
6415,40720.10940614342
6416,245010.82727783613
6417,44563.6304213833
6418,90267.09791032757
6419,41538.84365707525
6420,334407.2221902059
6421,418507.3144142606
6422,38103.2161092405
6423,283551.1170276656
6424,110325.17808703461
6425,1841642.9829243615
6426,2210989.871848778
6427,175892.95996850505
6428,69366.41119193076
6429,96749.8804685551
6430,54548.00138220387
6431,48551.48997323717
6432,41555.53132533814
6433,991678.1614753077
6434,47042.22707659671
6435,56542.038852682665
6436,38842.91978216863
6437,1432693.8680985689
6438,175265.936266609
6439,108452.43542538774
6440,29655.592274014107
6441,54548.00138220387
6442,450541.5416089628
6443,62240.730816254385
6444,284780.1612998009
6445,68493.97260151949
6446,41655.47144525012
6447,31909.546352980655
6448,31941.523523155036
6449,57293.82675543474
6450,422471.82903488545
6451,326865.55119256367
6452,189009.4964226623
6453,35913.7416868063
6454,6938.874003620079
6455,339141.02441389463
6456,165341.24178785994
6457,43416.44293485005
6458,1730770.2343344954
6459,46794.15795155551
6460,1584748.1934523918
6461,1915255.332335199
6462,35411.18973813848
6463,257132.57025213641
6464,348692.3074482811
6465,16851.23071306505
6466,45825.429935537504
6467,69425.39575519897
6468,174180.8472529009
6469,103230.92841313603
6470,70501.97226239184
6471,577797.261308717
6472,62591.498727535
6473,105470.92559820192
6474,197350.1094321826
6475,39944.06356465076
6476,336587.7588975732
6477,35744.663697169606
6478,54161.69412669227
6479,94501.2047059302
6480,1810.1638226196085
6481,45851.466101939026
6482,36730.8554987341
6483,57866.98437882608
6484,79079.68506565677
6485,50681.48557475528
6486,47876.093797534246
6487,352700.2557157196
6488,2914846.492978477
6489,40819.868696951045
6490,71186.72767717844
6491,108235.6602074548
6492,794734.8587758276
6493,47582.7924033551
6494,155080.59858969887
6495,269637.08123327355
6496,219750.7840129103
6497,15194.658540725992
6498,84105.98728245994
6499,875764.4421012404
6500,219899.97692629942
6501,861983.0330578669
6502,46749.76064025123
6503,46535.87037744188
6504,88161.99200954968
6505,35306.97267623119
6506,148249.4372520545
6507,114957.70153101889
6508,34489.027603791794
6509,1171567.6359061422
6510,665399.766523718
6511,89935.50617400958
6512,51599.566071977584
6513,39708.166289970024
6514,44773.467596306305
6515,501942.0588920018
6516,145310.46785214398
6517,292345.24115763453
6518,50439.959773722585
6519,55339.299929014436
6520,185910.78172601576
6521,2564226.184447479
6522,50420.3209784618
6523,532046.2949662798
6524,845465.4944158192
6525,566885.3728391237
6526,100486.29887254974
6527,46572.59764301222
6528,37179.848964877056
6529,69293.16082761424
6530,80215.14067875501
6531,104928.37765514798
6532,73648.38076750858
6533,34811.492854916076
6534,147643.12749409938
6535,181233.6324298373
6536,45691.09293609957
6537,124656.07787258436
6538,60000.27865495144
6539,236442.45463133333
6540,178997.94605597339
6541,56127.94769072452
6542,51214.9086915741
6543,42847.9176269196
6544,56537.3659216319
6545,68747.5629884754
6546,57430.89048652917
6547,48577.0315582825
6548,49333.38770272316
6549,62130.537818448436
6550,590007.1436188633
6551,47690.872078541186
6552,39849.20494072593
6553,286030.63022205053
6554,271500.3644207309
6555,50089.88793420901
6556,403473.5420194074
6557,53990.1570896398
6558,58350.214295851874
6559,22619.045122124855
6560,36539.05788813911
6561,71803.69668680987
6562,417782.56592842995
6563,497731.29173629725
6564,54841.11840343013
6565,959853.3757969746
6566,1016985.8929187361
6567,39291.23972801897
6568,32977.780218236556
6569,265501.1750186901
6570,35655.07592667248
6571,93939.59964842314
6572,40280.800609452876
6573,133164.22598076542
6574,34419.39801412932
6575,34243.0609923592
6576,24642.640459840837
6577,28111.422022994175
6578,40490.28408325662
6579,46870.96478303062
6580,147786.42970373642
6581,72667.58305109934
6582,40009.47867168083
6583,563854.0995622549
6584,648431.2634587688
6585,116374.14067574983
6586,181134.41785574416
6587,538318.9636117636
6588,65124.33400983533
6589,42523.40407959327
6590,1519475.2202712845
6591,68561.20454779733
6592,67187.22592362355
6593,265900.53694710054
6594,105113.66707731232
6595,41815.125265408824
6596,1474550.794358822
6597,401262.04862850904
6598,124389.00091754147
6599,46805.03122029988
6600,741982.1706395831
6601,54862.397392389226
6602,53871.879835327294
6603,39401.088734467434
6604,88285.58313748516
6605,140956.29711454854
6606,86317.89230208202
6607,72248.78953461183
6608,45357.667028020216
6609,69185.69191513202
6610,57921.60514865862
6611,262481.2590030869
6612,57862.467342678174
6613,72357.13033207307
6614,355815.454297153
6615,612862.3432396853
6616,31332.275584179493
6617,165448.90372602222
6618,101088.749724527
6619,40933.460739232054
6620,23072.83116826423
6621,691301.5303171756
6622,373662.6560119628
6623,170003.51143589534
6624,49343.083840780644
6625,154936.57630037575
6626,87194.6407631439
6627,129889.67631516524
6628,279922.41562335804
6629,44122.78686906142
6630,566491.9514780543
6631,92301.35308899428
6632,39156.905359762975
6633,105372.07039063626
6634,58326.087686481784
6635,115156.54920492941
6636,79989.12145385362
6637,55029.291686512355
6638,792827.234243902
6639,14482.565363835976
6640,100671.68496671194
6641,74331.76466928307
6642,366590.61144668126
6643,275661.5688760065
6644,126874.72586481812
6645,258261.54705833315
6646,48967.27701846001
6647,46512.67105055461
6648,47255.212852654084
6649,1043095.4743085572
6650,185360.55564564987
6651,35896.863033408285
6652,47832.26599873716
6653,982249.0430322498
6654,140755.18463890467
6655,100988.83349496157
6656,41367.52089398086
6657,130856.2470794522
6658,65911.35420201655
6659,58330.22477562419
6660,96874.2082054383
6661,27127.629919161172
6662,47237.66689483683
6663,33306.408273415414
6664,39786.903040051846
6665,41134.937161502196
6666,87474.90533731064
6667,165392.45694170147
6668,1013545.6009340598
6669,354848.0523107439
6670,956846.3863960933
6671,48961.98771292362
6672,47233.76760268945
6673,64176.25026228752
6674,279312.5263133113
6675,100623.21587093077
6676,84802.11979355208
6677,37136.28463142088
6678,96822.49438682139
6679,1515004.3387307443
6680,332836.55359003454
6681,35226.55403126215
6682,65822.06254018866
6683,33037.03262210378
6684,51774.74897816839
6685,147708.96762015496
6686,41455.74558582743
6687,58754.226961992106
6688,1065726.2149470733
6689,107538.12835828
6690,89600.89698667596
6691,54841.11840343013
6692,143319.28916686433
6693,52928.85879111092
6694,305461.4556784988
6695,308965.1345722148
6696,167759.32628429806
6697,64781.35473799966
6698,514800.69061178894
6699,36612.91576382035
6700,41738.78370757619
6701,217857.55727987495
6702,1105337.604297016
6703,372889.6139543483
6704,95987.00172991335
6705,56673.251721038665
6706,113996.84906617095
6707,40643.304186229456
6708,107186.24161564425
6709,44493.565656797015
6710,192990.20150024773
6711,54033.093256247346
6712,2181402.5027049347
6713,42147.31784457876
6714,728146.2524491108
6715,65941.09168410783
6716,38908.31402502542
6717,45208.43357603839
6718,59874.20504029338
6719,86564.96875432655
6720,1112508.812296704
6721,337065.39504507417
6722,252378.15927700963
6723,286499.058382132
6724,848260.2925414415
6725,240847.8615700562
6726,140971.91033223114
6727,41706.99006185844
6728,170370.36307417697
6729,274319.8250376091
6730,54888.587574179415
6731,1978722.3497027906
6732,63968.99772984497
6733,68493.97260151949
6734,55808.73494020633
6735,1459560.882400838
6736,85129.55835719265
6737,1268568.6185973806
6738,68189.0839919627
6739,70730.13148961644
6740,50879.04459920679
6741,59729.956553689546
6742,75924.24704201546
6743,52945.52354751488
6744,202382.64506732405
6745,1804561.8444698595
6746,42356.91948497906
6747,1756544.479993993
6748,144459.29538231666
6749,33582.42703508565
6750,72033.62611932961
6751,65940.91587430358
6752,46807.47984055608
6753,49431.67005430723
6754,38283.295196356834
6755,88169.81231544235
6756,44881.3884566975
6757,540763.9685667371
6758,63157.80325575255
6759,753061.9285809475
6760,2278941.631464028
6761,61175.19781266242
6762,76455.59137648935
6763,39944.06356465076
6764,143419.43882294788
6765,609723.0083014644
6766,32405.786243163846
6767,42043.57839297114
6768,251497.66094859905
6769,61204.47362750082
6770,48646.91667920085
6771,75674.6192759317
6772,231821.61002663762
6773,48197.631533332
6774,269572.72170259355
6775,145686.39991736278
6776,846086.2982301901
6777,175230.22466159193
6778,1104297.4977197556
6779,226095.68305235176
6780,121747.98526924003
6781,252238.95707060787
6782,61098.46064964246
6783,65903.86023348311
6784,78060.54059853229
6785,51701.75720544085
6786,38586.44852166467
6787,59296.5969221447
6788,34414.56562793177
6789,46459.04221693577
6790,57161.574910457544
6791,61576.119713152315
6792,86732.00756678532
6793,34707.17174051448
6794,1569702.6051483583
6795,15077.984205085555
6796,74033.50906533841
6797,28954.204781891058
6798,2622725.3180538677
6799,49376.19713585475
6800,358490.7405705653
6801,59877.26173716815
6802,71815.92955974853
6803,41552.53460317004
6804,92286.04882557987
6805,50924.84091585914
6806,119604.36078731569
6807,58687.18030913128
6808,48038.60462006242
6809,36204.12270864974
6810,43055.32346741034
6811,252958.4275977366
6812,232749.94159271772
6813,226154.2241691574
6814,68756.06432158373
6815,45687.66312817139
6816,92906.29683739411
6817,449608.19429525826
6818,52782.08408744409
6819,82680.80278900189
6820,23555.944241284844
6821,63223.39306172413
6822,42270.689832023796
6823,45746.59879026179
6824,88512.2974649903
6825,113016.43734885026
6826,47333.58767410584
6827,309335.17910928256
6828,52301.02216084104
6829,89301.27832584114
6830,104259.3511055957
6831,252498.7444218607
6832,40707.878697815795
6833,39258.69200805196
6834,70866.06366336682
6835,124823.91639230102
6836,57058.06210923428
6837,58531.85456344085
6838,73802.17891210447
6839,68804.76086722992
6840,248499.98631541233
6841,126599.42262385355
6842,13859.752637073343
6843,139197.5653568981
6844,2229071.160031164
6845,41805.29714712892
6846,184814.92295836998
6847,44890.90642853937
6848,34565.28054159198
6849,667016.848156289
6850,54986.474308015335
6851,123250.99900779576
6852,39165.1914597867
6853,645322.2945819675
6854,669136.3006845316
6855,53349.64693127976
6856,618533.624500253
6857,54724.59935405964
6858,55613.62779273273
6859,256728.13560705088
6860,97116.22654659141
6861,42347.1828299586
6862,405604.1790620436
6863,396215.9199229302
6864,56276.12916030662
6865,2399857.4160514344
6866,367468.9769375546
6867,112837.8272875305
6868,60641.16661176128
6869,279861.5839116697
6870,398577.7077187575
6871,14562.411226475262
6872,316303.5032750881
6873,22368.3948382138
6874,281796.28594348446
6875,35859.6158442735
6876,158941.95654116367
6877,73205.59798015932
6878,99109.71064660173
6879,107404.3050924979
6880,158722.4682430939
6881,34449.71343473329
6882,259674.12894470134
6883,66673.28117399743
6884,108734.6863975236
6885,84866.28516023718
6886,146760.01280298727
6887,1807122.3923271091
6888,52154.23772610425
6889,65819.47424220732
6890,55113.12514092859
6891,61326.27185199364
6892,46579.25021288982
6893,43718.12170502536
6894,1389869.9363949196
6895,1029950.7261828892
6896,530651.2736658555
6897,44217.99423093002
6898,32612.399028278745
6899,42923.16429403553
6900,1252054.0625518332
6901,41698.89331929904
6902,280861.9590712609
6903,784755.2327052513
6904,76283.67354602521
6905,41736.21654128161
6906,69180.24618444429
6907,61231.126408300464
6908,194603.3909156928
6909,291595.83461297984
6910,53164.949497449255
6911,48332.0141238453
6912,154007.06518655267
6913,143637.58959507768
6914,54826.28162111659
6915,53846.32439963243
6916,186342.9958953831
6917,63487.402336968094
6918,140977.24720448419
6919,41392.95783131397
6920,131017.36224432387
6921,752055.6989414897
6922,41302.94638239452
6923,136795.5588558636
6924,47150.15144579008
6925,1472322.0699123302
6926,59618.899336338734
6927,79940.10251040863
6928,78968.02759121962
6929,51436.8142902574
6930,46802.96786006744
6931,45840.36056278066
6932,106340.18431576362
6933,48339.901777006766
6934,87369.52612232942
6935,458788.7048327064
6936,1550939.0616121644
6937,38505.54926362164
6938,240449.7926499091
6939,39262.240368333856
6940,143754.9108114525
6941,61891.768755005076
6942,664140.1502531859
6943,28313.749122275774
6944,176684.727620956
6945,68493.97260151949
6946,40154.35077371619
6947,40887.00286699271
6948,51257.29586010275
6949,50317.5953736703
6950,150728.68686701
6951,294531.75065473636
6952,70222.4543097182
6953,47738.34834869998
6954,122246.88190464192
6955,81149.09086642196
6956,60265.9630072239
6957,494873.75617192435
6958,136424.97744469956
6959,45271.19740647435
6960,1469361.6571500627
6961,152768.75052071075
6962,43017.2730054305
6963,71958.34095893454
6964,82006.57832458174
6965,38788.88896328457
6966,57156.23440915648
6967,285257.0746557001
6968,72180.49050242318
6969,570855.7871336313
6970,77456.10511380935
6971,38111.57477285228
6972,211115.383874144
6973,43810.37843234238
6974,55717.651360925185
6975,66216.36349542828
6976,68777.30333846624
6977,841199.7134741817
6978,1101342.3379412529
6979,45548.1074279073
6980,43453.80844530049
6981,38921.525625418704
6982,191381.80480060866
6983,203318.6810735631
6984,70470.60709212394
6985,78317.05594603818
6986,96633.1948231293
6987,121224.54463239109
6988,36864.79591213262
6989,42022.40857344652
6990,77729.4521533913
6991,39944.06356465076
6992,77931.27164069847
6993,66130.71929253229
6994,913155.4109714297
6995,36214.1955632465
6996,695704.7982218625
6997,52472.66662707899
6998,114489.43037100401
6999,46873.297718402035
7000,297686.72554227954
7001,35257.150399166596
7002,226486.92057580667
7003,49147.690929713615
7004,41449.856165443256
7005,78718.53106626113
7006,104550.46745197986
7007,648090.7771061705
7008,68493.97260151949
7009,38891.02260028814
7010,1811009.8101154994
7011,68440.75245919991
7012,46857.39126576514
7013,250513.6992557914
7014,179241.58233879585
7015,759450.459373209
7016,37999.143136906016
7017,198785.9557422332
7018,66852.81042930215
7019,66928.49033979741
7020,117900.72362432405
7021,21800.326335657894
7022,39994.62643646773
7023,62633.392686002066
7024,44041.2595786794
7025,306702.6422094894
7026,581540.7142841584
7027,35752.124835219634
7028,1957761.1486659036
7029,638707.0584462195
7030,41908.877174958696
7031,64975.8488240127
7032,121588.1895924959
7033,814354.8958269047
7034,39583.55179274525
7035,48267.22301516028
7036,416132.03417524975
7037,42546.84088634303
7038,1275378.8100127035
7039,43800.124345041884
7040,191445.5780949015
7041,101352.18262116156
7042,791543.0500314987
7043,173126.66341956877
7044,291521.7075806221
7045,60140.280483257746
7046,44453.17518822447
7047,97222.54436747861
7048,931316.8659006124
7049,66694.43825169635
7050,1229721.5571516692
7051,58547.90129949614
7052,652600.9189680845
7053,57598.284081367536
7054,1678026.0376317396
7055,38028.72812396103
7056,85355.87141885531
7057,374821.6334835964
7058,47003.764932311446
7059,38899.08087503562
7060,251222.85752433207
7061,55887.94929540344
7062,266019.4595803781
7063,45977.7451730049
7064,315076.3650278363
7065,197562.35231488798
7066,195763.59476986947
7067,34937.75736465539
7068,91752.77503844225
7069,42930.486768366245
7070,362926.70485829003
7071,13382.395918964517
7072,1863062.2492803966
7073,42921.72384937789
7074,141676.39947766773
7075,111597.6782929923
7076,249361.53509967396
7077,52335.58250862513
7078,1095471.165232797
7079,144810.05988941638
7080,165570.11158267298
7081,117432.2409814568
7082,104623.529700357
7083,51555.599170706264
7084,196027.5040560332
7085,37297.52848389367
7086,36426.077069806364
7087,1359283.0247342386
7088,382453.46344994847
7089,42983.62546755623
7090,944874.443371115
7091,55454.475084701866
7092,102493.97255347311
7093,851033.4446443322
7094,54980.829394745095
7095,48508.33649667058
7096,866760.7789189366
7097,753113.9668335986
7098,46807.47984055608
7099,50911.588137298466
7100,307616.36706614326
7101,338247.9143607563
7102,39944.06356465076
7103,52171.3980210292
7104,43652.83315160295
7105,436563.9552720493
7106,256418.70423488138
7107,101027.02691332636
7108,99843.55138281824
7109,1052048.91881086
7110,127772.56756610307
7111,110774.73176390053
7112,470200.51057822077
7113,36551.223550348885
7114,40002.87237891048
7115,226823.22741966211
7116,39599.056994895494
7117,112253.4754926031
7118,503952.2185886393
7119,304397.4096306458
7120,50052.15909218119
7121,2299515.883000617
7122,58779.93892046293
7123,44720.344995664425
7124,770484.2219525995
7125,40903.12533932566
7126,48630.11875822726
7127,1139800.6288640539
7128,42308.430311236196
7129,35372.19706817272
7130,45848.899688194266
7131,276029.10484622273
7132,951765.8156277703
7133,543707.0362927279
7134,112935.59577218076
7135,85321.30608991624
7136,43804.47685319553
7137,44660.48270704139
7138,50353.69317502236
7139,36263.320543165886
7140,713722.7169451967
7141,1024738.136742616
7142,70205.75691345547
7143,626698.196184501
7144,42046.156097597624
7145,1373989.8791429603
7146,55423.499143866466
7147,46571.22814519811
7148,613750.8397676826
7149,54569.29446596756
7150,44675.35882741375
7151,57738.375153801935
7152,208137.2835002705
7153,159273.4626420245
7154,46093.55421908895
7155,1150237.1269635018
7156,63200.53202304717
7157,64216.69922615045
7158,1073943.1239028804
7159,656680.9684723768
7160,209541.64221506604
7161,285909.32304684876
7162,933195.5749085621
